unix_timestamp,rr
1478799179.726778,0.718783
1478799180.383058,0.656280
1478799181.008086,0.625029
1478799181.679992,0.671906
1478799182.414401,0.734409
1478799183.211312,0.796911
1478799183.820715,0.609403
1478799187.445881,0.609403
1478799187.961530,0.515649
1478799188.508430,0.546900
1478799189.102207,0.593777
1478799189.820990,0.718783
1478799193.477407,0.609403
1478799194.118062,0.640654
1478799194.743090,0.625029
1478799195.399370,0.656280
1478799196.055650,0.656280
1478799196.680679,0.625029
1478799203.993514,0.687531
1478799204.634168,0.640654
1478799205.259197,0.625029
1478799205.821722,0.562526
1478799206.462377,0.640654
1478799207.118657,0.656280
1478799207.821814,0.703157
1478799208.540597,0.718783
1478799209.243754,0.703157
1478799209.868783,0.625029
1478799210.493811,0.625029
1478799211.087588,0.593777
1478799211.665740,0.578151
1478799212.243891,0.578151
1478799217.947277,0.656280
1478799218.572306,0.625029
1478799219.134832,0.562526
1478799219.759860,0.625029
1478799220.384889,0.625029
1478799221.025543,0.640654
1478799231.760410,0.859414
1478799284.465947,0.718783
1478799344.296811,0.593777
1478799344.890588,0.593777
1478799345.515616,0.625029
1478799346.093768,0.578151
1478799346.718796,0.625029
1478799347.343825,0.625029
1478799347.937602,0.593777
1478799348.515754,0.578151
1478799349.093905,0.578151
1478799349.703308,0.609403
1478799350.390840,0.687531
1478799351.093997,0.703157
1478799369.860481,0.640654
1478799370.532387,0.671906
1478799371.204292,0.671906
1478799371.954327,0.750034
1478799378.204613,0.609403
1478799378.845267,0.640654
1478799379.501547,0.656280
1478799380.173453,0.671906
1478799380.860984,0.687531
1478799381.501639,0.640654
1478799382.173544,0.671906
1478799382.829824,0.656280
1478799383.501730,0.671906
1478799384.173636,0.671906
1478799384.845542,0.671906
1478799385.454945,0.609403
1478799386.064348,0.609403
1478799386.658125,0.593777
1478799387.298779,0.640654
1478799387.970685,0.671906
1478799388.673842,0.703157
1478799389.408251,0.734409
1478799390.173911,0.765660
1478799390.892694,0.718783
1478799391.595851,0.703157
1478799392.267756,0.671906
1478799392.924037,0.656280
1478799393.580317,0.656280
1478799394.267848,0.687531
1478799394.924128,0.656280
1478799395.596034,0.671906
1478799398.689925,0.640654
1478799399.393083,0.703157
1478799400.080614,0.687531
1478799400.736894,0.656280
1478799401.408800,0.671906
1478799402.190086,0.781286
1478799402.908869,0.718783
1478799403.596400,0.687531
1478799404.252680,0.656280
1478799404.955837,0.703157
1478799405.643369,0.687531
1478799406.284023,0.640654
1478799406.924677,0.640654
1478799407.549706,0.625029
1478799408.190360,0.640654
1478799408.831015,0.640654
1478799409.471669,0.640654
1478799410.112323,0.640654
1478799410.721726,0.609403
1478799411.346755,0.625029
1478799411.924906,0.578151
1478799412.534309,0.609403
1478799413.034332,0.500023
1478799413.674986,0.640654
1478799414.253138,0.578151
1478799414.878166,0.625029
1478799418.706467,0.593777
1478799419.284618,0.578151
1478799419.878395,0.593777
1478799420.550301,0.671906
1478799421.206581,0.656280
1478799421.878487,0.671906
1478799422.519141,0.640654
1478799423.191047,0.671906
1478799423.816076,0.625029
1478799424.487981,0.671906
1478799425.128636,0.640654
1478799425.800541,0.671906
1478799426.409944,0.609403
1478799427.081850,0.671906
1478799427.738130,0.656280
1478799428.394410,0.656280
1478799429.019439,0.625029
1478799435.754122,0.640654
1478799436.426028,0.671906
1478799437.097934,0.671906
1478799437.801091,0.703157
1478799438.472996,0.671906
1478799439.113651,0.640654
1478799439.660551,0.546900
1478799440.441837,0.781286
1478799441.129368,0.687531
1478799441.879402,0.750034
1478799442.660688,0.781286
1478799443.332594,0.671906
1478799444.004500,0.671906
1478799444.707657,0.703157
1478799445.442065,0.734409
1478799446.176474,0.734409
1478799446.910883,0.734409
1478799447.598414,0.687531
1478799448.254694,0.656280
1478799448.926600,0.671906
1478799449.614131,0.687531
1478799450.379791,0.765660
1478799451.161077,0.781286
1478799451.864234,0.703157
1478799452.520514,0.656280
1478799453.223672,0.703157
1478799453.942455,0.718783
1478799454.692489,0.750034
1478799455.442523,0.750034
1478799456.130055,0.687531
1478799456.755083,0.625029
1478799457.458241,0.703157
1478799458.208275,0.750034
1478799459.036438,0.828163
1478799459.848975,0.812537
1478799460.567758,0.718783
1478799461.239664,0.671906
1478799461.958447,0.718783
1478799462.708481,0.750034
1478799463.442889,0.734409
1478799464.224175,0.781286
1478799464.911707,0.687531
1478799465.552361,0.640654
1478799466.208641,0.656280
1478799466.943050,0.734409
1478799467.755587,0.812537
1478799468.646253,0.890666
1478799469.411913,0.765660
1478799470.099444,0.687531
1478799475.271556,0.656280
1478799475.943462,0.671906
1478799476.662245,0.718783
1478799477.396653,0.734409
1478799478.052933,0.656280
1478799478.771716,0.718783
1478799479.381119,0.609403
1478799480.021773,0.640654
1478799480.724931,0.703157
1478799481.349959,0.625029
1478799485.193885,0.750034
1478799485.990797,0.796911
1478799486.850211,0.859414
1478799487.678374,0.828163
1478799488.490911,0.812537
1478799489.365951,0.875040
1478799490.084734,0.718783
1478799497.663206,0.625029
1478799498.319486,0.656280
1478799498.913263,0.593777
1478799499.569543,0.656280
1478799500.194572,0.625029
1478799500.882103,0.687531
1478799501.507132,0.625029
1478799502.022780,0.515649
1478799502.647809,0.625029
1478799506.460484,0.656280
1478799507.116764,0.656280
1478799507.804295,0.687531
1478799508.460575,0.656280
1478799509.194984,0.734409
1478799509.945018,0.750034
1478799515.257761,0.687531
1478799515.929667,0.671906
1478799516.632824,0.703157
1478799517.320356,0.687531
1478799517.961010,0.640654
1478799518.617290,0.656280
1478799519.351699,0.734409
1478799520.086107,0.734409
1478799520.836142,0.750034
1478799521.508047,0.671906
1478799522.133076,0.625029
1478799522.789356,0.656280
1478799523.445636,0.656280
1478799524.148793,0.703157
1478799524.820699,0.671906
1478799525.523856,0.703157
1478799526.258265,0.734409
1478799526.977048,0.718783
1478799527.648953,0.671906
1478799528.320859,0.671906
1478799529.024016,0.703157
1478799529.758425,0.734409
1478799530.430331,0.671906
1478799531.086611,0.656280
1478799531.774142,0.687531
1478799532.492925,0.718783
1478799533.164831,0.671906
1478799533.805485,0.640654
1478799534.477391,0.671906
1478799535.164922,0.687531
1478799535.914957,0.750034
1478799536.696243,0.781286
1478799537.461903,0.765660
1478799538.165060,0.703157
1478799538.821340,0.656280
1478799539.461994,0.640654
1478799540.149526,0.687531
1478799540.883934,0.734409
1478799541.602717,0.718783
1478799542.337126,0.734409
1478799543.040283,0.703157
1478799543.680937,0.640654
1478799544.305966,0.625029
1478799544.962246,0.656280
1478799545.634152,0.671906
1478799546.352935,0.718783
1478799547.071718,0.718783
1478799547.774875,0.703157
1478799548.431155,0.656280
1478799549.071809,0.640654
1478799549.743715,0.671906
1478799550.399995,0.656280
1478799551.087526,0.687531
1478799551.790684,0.703157
1478799552.446964,0.656280
1478799553.071992,0.625029
1478799553.712646,0.640654
1478799554.400178,0.687531
1478799555.087709,0.687531
1478799555.759615,0.671906
1478799556.353392,0.593777
1478799556.962795,0.609403
1478799557.556572,0.593777
1478799558.181601,0.625029
1478799558.822255,0.640654
1478799559.494161,0.671906
1478799560.103564,0.609403
1478799560.697341,0.593777
1478799561.306744,0.609403
1478799561.931773,0.625029
1478799562.588053,0.656280
1478799563.275584,0.687531
1478799563.978741,0.703157
1478799564.619396,0.640654
1478799565.228799,0.609403
1478799565.838202,0.609403
1478799566.447604,0.609403
1478799567.103884,0.656280
1478799567.775790,0.671906
1478799568.463322,0.687531
1478799569.119602,0.656280
1478799569.775882,0.656280
1478799570.463413,0.687531
1478799571.182196,0.718783
1478799571.994733,0.812537
1478799572.666639,0.671906
1478799573.291668,0.625029
1478799573.932322,0.640654
1478799574.572976,0.640654
1478799575.244882,0.671906
1478799575.963665,0.718783
1478799576.651196,0.687531
1478799580.135731,0.859414
1478799580.995145,0.859414
1478799581.745180,0.750034
1478799582.526465,0.781286
1478799583.323377,0.796911
1478799584.135914,0.812537
1478799584.948451,0.812537
1478799585.682860,0.734409
1478799586.339140,0.656280
1478799586.979794,0.640654
1478799587.651700,0.671906
1478799588.386109,0.734409
1478799589.198646,0.812537
1478799590.042434,0.843789
1478799590.792469,0.750034
1478799591.464375,0.671906
1478799592.167532,0.703157
1478799592.886315,0.718783
1478799593.589472,0.703157
1478799594.245752,0.656280
1478799594.870780,0.625029
1478799595.480183,0.609403
1478799596.120838,0.640654
1478799596.808369,0.687531
1478799597.574029,0.765660
1478799598.261561,0.687531
1478799598.902215,0.640654
1478799599.558495,0.656280
1478799600.277278,0.718783
1478799600.996061,0.718783
1478799601.714844,0.718783
1478799602.371124,0.656280
1478799603.011778,0.640654
1478799603.652432,0.640654
1478799604.324338,0.671906
1478799605.011870,0.687531
1478799605.777530,0.765660
1478799606.480687,0.703157
1478799607.152593,0.671906
1478799607.855750,0.703157
1478799608.621410,0.765660
1478799609.387070,0.765660
1478799610.152730,0.765660
1478799610.949641,0.796911
1478799615.293590,0.625029
1478799615.856116,0.562526
1478799616.465519,0.609403
1478799617.028045,0.562526
1478799617.590570,0.562526
1478799618.215599,0.625029
1478799618.934382,0.718783
1478799619.575036,0.640654
1478799620.184439,0.609403
1478799620.825094,0.640654
1478799621.512625,0.687531
1478799622.168905,0.656280
1478799622.840811,0.671906
1478799623.465839,0.625029
1478799624.075242,0.609403
1478799624.700271,0.625029
1478799625.372177,0.671906
1478799626.122211,0.750034
1478799626.872245,0.750034
1478799627.606654,0.734409
1478799628.278560,0.671906
1478799628.934840,0.656280
1478799629.637997,0.703157
1478799630.372406,0.734409
1478799631.153691,0.781286
1478799631.981854,0.828163
1478799632.731889,0.750034
1478799633.419420,0.687531
1478799634.138203,0.718783
1478799634.919489,0.781286
1478799635.716400,0.796911
1478799636.450809,0.734409
1478799637.122715,0.671906
1478799637.778995,0.656280
1478799638.450900,0.671906
1478799639.107180,0.656280
1478799639.763460,0.656280
1478799640.388489,0.625029
1478799640.982266,0.593777
1478799641.591669,0.609403
1478799642.169821,0.578151
1478799642.779223,0.609403
1478799643.466755,0.687531
1478799644.185538,0.718783
1478799644.904321,0.718783
1478799645.591852,0.687531
1478799646.201255,0.609403
1478799646.810658,0.609403
1478799647.435687,0.625029
1478799648.091967,0.656280
1478799648.748247,0.656280
1478799649.420152,0.671906
1478799650.045181,0.625029
1478799650.670210,0.625029
1478799651.295238,0.625029
1478799651.920267,0.625029
1478799652.592173,0.671906
1478799653.310956,0.718783
1478799654.029738,0.718783
1478799654.701644,0.671906
1478799655.389176,0.687531
1478799656.170461,0.781286
1478799656.936121,0.765660
1478799657.654904,0.718783
1478799658.467442,0.812537
1478799659.108096,0.640654
1478799659.733124,0.625029
1478799660.389405,0.656280
1478799661.092562,0.703157
1478799661.826970,0.734409
1478799662.561379,0.734409
1478799663.202033,0.640654
1478799663.827062,0.625029
1478799664.452091,0.625029
1478799665.092745,0.640654
1478799665.764651,0.671906
1478799666.452182,0.687531
1478799667.092836,0.640654
1478799667.702239,0.609403
1478799668.311642,0.609403
1478799668.983548,0.671906
1478799669.639828,0.656280
1478799670.342985,0.703157
1478799671.093019,0.750034
1478799671.718048,0.625029
1478799676.280757,0.625029
1478799676.890160,0.609403
1478799677.562066,0.671906
1478799678.202720,0.640654
1478799682.734177,0.796911
1478799686.031203,0.687531
1478799686.812489,0.781286
1478799687.578149,0.765660
1478799688.359435,0.781286
1478799688.984463,0.625029
1478799689.671995,0.687531
1478799690.312649,0.640654
1478799690.922052,0.609403
1478799691.593958,0.671906
1478799692.281489,0.687531
1478799693.015898,0.734409
1478799693.703429,0.687531
1478799694.359710,0.656280
1478799695.047241,0.687531
1478799695.766024,0.718783
1478799696.578561,0.812537
1478799697.359847,0.781286
1478799698.094255,0.734409
1478799698.766161,0.671906
1478799702.406953,0.765660
1478799703.078859,0.671906
1478799703.735139,0.656280
1478799704.391419,0.656280
1478799705.063324,0.671906
1478799705.766482,0.703157
1478799706.469639,0.703157
1478799707.141545,0.671906
1478799707.875953,0.734409
1478799712.001142,0.750034
1478799712.719925,0.718783
1478799713.423082,0.703157
1478799714.110614,0.687531
1478799714.766894,0.656280
1478799715.454425,0.687531
1478799716.188834,0.734409
1478799716.985745,0.796911
1478799717.845160,0.859414
1478799718.657697,0.812537
1478799719.423357,0.765660
1478799720.173391,0.750034
1478799720.954677,0.781286
1478799721.720337,0.765660
1478799722.470371,0.750034
1478799723.236031,0.765660
1478799723.939188,0.703157
1478799724.689223,0.750034
1478799725.517386,0.828163
1478799726.329923,0.812537
1478799727.126834,0.796911
1478799727.861243,0.734409
1478799728.533149,0.671906
1478799729.251932,0.718783
1478799730.048843,0.796911
1478799730.845755,0.796911
1478799731.658292,0.812537
1478799732.392700,0.734409
1478799733.064606,0.671906
1478799733.767763,0.703157
1478799734.517798,0.750034
1478799735.314709,0.796911
1478799736.095995,0.781286
1478799736.799152,0.703157
1478799737.439806,0.640654
1478799738.174215,0.734409
1478799738.924249,0.750034
1478799739.643032,0.718783
1478799740.346189,0.703157
1478799740.986844,0.640654
1478799741.611872,0.625029
1478799742.299404,0.687531
1478799746.455844,0.703157
1478799747.205878,0.750034
1478799747.987164,0.781286
1478799748.784076,0.796911
1478799749.565361,0.781286
1478799750.315396,0.750034
1478799751.034179,0.718783
1478799751.784213,0.750034
1478799752.534247,0.750034
1478799753.284282,0.750034
1478799754.049942,0.765660
1478799754.815602,0.765660
1478799755.550010,0.734409
1478799756.190665,0.640654
1478799756.878196,0.687531
1478799757.581353,0.703157
1478799758.300136,0.718783
1478799758.956416,0.656280
1478799759.581445,0.625029
1478799760.222099,0.640654
1478799760.894005,0.671906
1478799761.644039,0.750034
1478799762.456577,0.812537
1478799763.175359,0.718783
1478799763.831640,0.656280
1478799764.566048,0.734409
1478799765.331708,0.765660
1478799766.159871,0.828163
1478799767.003660,0.843789
1478799767.784945,0.781286
1478799768.503728,0.718783
1478799769.269388,0.765660
1478799770.081926,0.812537
1478799770.925714,0.843789
1478799771.769503,0.843789
1478799772.582040,0.812537
1478799773.316449,0.734409
1478799774.082109,0.765660
1478799774.910272,0.828163
1478799775.722809,0.812537
1478799776.425966,0.703157
1478799777.066620,0.640654
1478799777.691649,0.625029
1478799778.347929,0.656280
1478799779.066712,0.718783
1478799779.910501,0.843789
1478799780.660535,0.750034
1478799781.379318,0.718783
1478799782.238732,0.859414
1478799783.082521,0.843789
1478799783.910684,0.828163
1478799784.660718,0.750034
1478799785.332624,0.671906
1478799786.020155,0.687531
1478799786.738938,0.718783
1478799787.488972,0.750034
1478799788.332761,0.843789
1478799789.145298,0.812537
1478799789.895333,0.750034
1478799790.582864,0.687531
1478799791.301647,0.718783
1478799792.114184,0.812537
1478799792.926721,0.812537
1478799793.723633,0.796911
1478799794.458041,0.734409
1478799795.098696,0.640654
1478799795.801853,0.703157
1478799796.645642,0.843789
1478799797.473804,0.828163
1478799798.286342,0.812537
1478799799.036376,0.750034
1478799799.723907,0.687531
1478799800.489568,0.765660
1478799801.255228,0.765660
1478799802.114642,0.859414
1478799802.927179,0.812537
1478799803.583459,0.656280
1478799804.239739,0.656280
1478799804.974148,0.734409
1478799805.724182,0.750034
1478799806.552345,0.828163
1478799807.349257,0.796911
1478799808.021162,0.671906
1478799808.661817,0.640654
1478799809.364974,0.703157
1478799810.224388,0.859414
1478799811.099428,0.875040
1478799811.943217,0.843789
1478799812.708877,0.765660
1478799813.365157,0.656280
1478799814.037063,0.671906
1478799814.818348,0.781286
1478799815.662137,0.843789
1478799816.490300,0.828163
1478799819.802952,0.656280
1478799820.552986,0.750034
1478799824.771929,0.890666
1478799825.662595,0.890666
1478799826.459506,0.796911
1478799827.193915,0.734409
1478799827.943949,0.750034
1478799828.740861,0.796911
1478799829.553398,0.812537
1478799830.444064,0.890666
1478799831.303478,0.859414
1478799832.084764,0.781286
1478799832.881675,0.796911
1478799833.662961,0.781286
1478799834.491124,0.828163
1478799835.350538,0.859414
1478799836.147450,0.796911
1478799836.850607,0.703157
1478799837.647518,0.796911
1478799838.553810,0.906291
1478799839.460101,0.906291
1478799840.319516,0.859414
1478799841.085176,0.765660
1478799841.741456,0.656280
1478799842.460239,0.718783
1478799843.272776,0.812537
1478799844.132190,0.859414
1478799844.975979,0.843789
1478799845.726013,0.750034
1478799846.413545,0.687531
1478799847.085450,0.671906
1478799847.976116,0.890666
1478799848.944911,0.968794
1478799849.851202,0.906291
1478799850.663739,0.812537
1478799851.398148,0.734409
1478799852.163808,0.765660
1478799853.023222,0.859414
1478799853.898262,0.875040
1478799854.742051,0.843789
1478799855.523337,0.781286
1478799856.257745,0.734409
1478799857.023405,0.765660
1478799857.851568,0.828163
1478799858.742234,0.890666
1478799859.601648,0.859414
1478799860.382934,0.781286
1478799861.101717,0.718783
1478799861.898628,0.796911
1478799862.648663,0.750034
1478799863.414323,0.765660
1478799864.133106,0.718783
1478799864.867514,0.734409
1478799900.759782,0.531274
1478799901.228554,0.468771
1478799908.853903,0.609403
1478799909.463306,0.609403
1478799910.041457,0.578151
1478799910.619609,0.578151
1478799911.213386,0.593777
1478799911.932169,0.718783
1478799912.604074,0.671906
1478799913.182226,0.578151
1478799913.760377,0.578151
1478799920.948206,0.656280
1478799921.635738,0.687531
1478799922.245141,0.609403
1478799922.901421,0.656280
1478799923.667081,0.765660
1478799924.276484,0.609403
1478799935.667630,0.640654
1478799939.495930,0.734409
1478799943.761751,0.687531
1478799948.324460,0.484397
1478799948.808857,0.484397
1478799957.824894,0.593777
1478799958.403046,0.578151
1478799958.981197,0.578151
1478799959.653103,0.671906
1478800011.186712,0.578151
1478800011.827366,0.640654
1478800015.811924,0.828163
1478800016.671338,0.859414
1478800017.468250,0.796911
1478800018.358915,0.890666
1478800025.765504,0.703157
1478800026.578042,0.812537
1478800027.390579,0.812537
1478800028.046859,0.656280
1478800028.718765,0.671906
1478800032.593942,0.671906
1478800033.468982,0.875040
1478800034.281519,0.812537
1478800034.984676,0.703157
1478800035.734711,0.750034
1478800036.672254,0.937543
1478800037.578545,0.906291
1478800038.422334,0.843789
1478800039.156742,0.734409
1478800046.969600,0.703157
1478800047.704009,0.734409
1478800048.344663,0.640654
1478800048.954066,0.609403
1478800049.579094,0.625029
1478800050.219749,0.640654
1478800050.876029,0.656280
1478800051.532309,0.656280
1478800052.157337,0.625029
1478800052.751115,0.593777
1478800053.407395,0.656280
1478800054.032423,0.625029
1478800054.688703,0.656280
1478800055.298106,0.609403
1478800055.954386,0.656280
1478800056.610666,0.656280
1478800057.251321,0.640654
1478800057.907601,0.656280
1478800058.579506,0.671906
1478800059.188909,0.609403
1478800059.923318,0.734409
1478800060.532721,0.609403
1478800061.142124,0.609403
1478800061.689024,0.546900
1478800062.329678,0.640654
1478800062.907830,0.578151
1478800063.485981,0.578151
1478800064.111010,0.625029
1478800064.767290,0.656280
1478800065.392318,0.625029
1478800066.017347,0.625029
1478800066.595498,0.578151
1478800067.189276,0.593777
1478800067.751801,0.562526
1478800068.361204,0.609403
1478800068.939356,0.578151
1478800069.611261,0.671906
1478800084.580697,0.671906
1478800085.158848,0.578151
1478800116.066513,0.625029
1478800116.800921,0.734409
1478800129.457751,0.906291
1478800134.254845,0.671906
1478800134.973628,0.718783
1478800135.692411,0.718783
1478800136.364317,0.671906
1478800137.036223,0.671906
1478800137.708128,0.671906
1478800144.552192,0.609403
1478800145.177220,0.625029
1478800145.817875,0.640654
1478800149.864935,0.890666
1478800150.708724,0.843789
1478800151.615015,0.906291
1478800152.693189,1.078174
1478800162.146747,0.765660
1478800162.943659,0.796911
1478800163.693693,0.750034
1478800164.396850,0.703157
1478800165.256264,0.859414
1478800189.679257,0.828163
1478800213.664730,0.578151
1478800214.196005,0.531274
1478800221.274454,0.640654
1478800221.805728,0.531274
1478800222.368254,0.562526
1478800222.899528,0.531274
1478800223.477679,0.578151
1478800224.071457,0.593777
1478800230.337368,0.578151
1478800230.899894,0.562526
1478800231.478046,0.578151
1478800232.071823,0.593777
1478800232.665600,0.593777
1478800233.275003,0.609403
1478800233.853154,0.578151
1478800240.228446,0.640654
1478800240.931603,0.703157
1478800250.588295,0.609403
1478800254.713484,0.609403
1478800255.322887,0.609403
1478800255.963542,0.640654
1478800256.619822,0.656280
1478800257.354230,0.734409
1478800258.026136,0.671906
1478800258.698042,0.671906
1478800270.698591,0.812537
1478800271.542380,0.843789
1478800272.292414,0.750034
1478800273.042448,0.750034
1478800273.823734,0.781286
1478800277.198889,0.671906
1478800278.058303,0.859414
1478800281.449083,0.656280
1478800282.105363,0.656280
1478800282.761643,0.656280
1478800287.214972,0.843789
1478800287.918129,0.703157
1478800288.636912,0.718783
1478800289.293192,0.656280
1478800290.043226,0.750034
1478800290.855764,0.812537
1478800291.480792,0.625029
1478800292.183949,0.703157
1478800292.918358,0.734409
1478800293.668392,0.750034
1478800294.449678,0.781286
1478800295.215338,0.765660
1478800302.184407,0.703157
1478800302.903190,0.718783
1478800303.559470,0.656280
1478800304.247002,0.687531
1478800304.950159,0.703157
1478800305.637690,0.687531
1478800306.340847,0.703157
1478800306.918999,0.578151
1478800317.731994,0.687531
1478800318.466403,0.734409
1478800319.138308,0.671906
1478800319.966471,0.828163
1478800326.654277,0.687531
1478800339.936135,0.859414
1478800365.749817,0.734409
1478800366.515477,0.765660
1478800367.249886,0.734409
1478800370.937554,0.812537
1478800371.687589,0.750034
1478800372.453249,0.765660
1478800373.281412,0.828163
1478800374.078323,0.796911
1478800374.843983,0.765660
1478800375.562766,0.718783
1478800376.203420,0.640654
1478800376.906578,0.703157
1478800377.578483,0.671906
1478800381.516164,0.718783
1478800382.297449,0.781286
1478800388.672741,0.656280
1478800389.391524,0.718783
1478800390.204061,0.812537
1478800390.907218,0.703157
1478800391.610376,0.703157
1478800392.376036,0.765660
1478800393.126070,0.750034
1478800393.876104,0.750034
1478800394.563636,0.687531
1478800395.266793,0.703157
1478800403.814059,0.578151
1478800404.626596,0.812537
1478800405.267251,0.640654
1478800405.954782,0.687531
1478800406.564185,0.609403
1478800416.799029,0.656280
1478800417.502186,0.703157
1478800418.267846,0.765660
1478800419.033506,0.765660
1478800419.783540,0.750034
1478800420.549200,0.765660
1478800421.346112,0.796911
1478800422.189900,0.843789
1478800423.033689,0.843789
1478800423.705595,0.671906
1478800424.330623,0.625029
1478800424.924401,0.593777
1478800425.549429,0.625029
1478800438.940667,0.750034
1478800439.675076,0.734409
1478800440.471987,0.796911
1478800441.253273,0.781286
1478800442.159564,0.906291
1478800443.018979,0.859414
1478800443.784639,0.765660
1478800444.503422,0.718783
1478800445.222205,0.718783
1478800445.972239,0.750034
1478800446.769150,0.796911
1478800447.487933,0.718783
1478800448.237968,0.750034
1478800454.316371,0.609403
1478800455.160160,0.843789
1478800459.207220,0.625029
1478800459.832248,0.625029
1478800460.488528,0.656280
1478800461.222937,0.734409
1478800462.004223,0.781286
1478800462.801134,0.796911
1478800463.488666,0.687531
1478800464.207449,0.718783
1478800464.973109,0.765660
1478800465.691892,0.718783
1478800466.426300,0.734409
1478800467.113832,0.687531
1478800467.738860,0.625029
1478800468.348263,0.609403
1478800469.035795,0.687531
1478800469.754578,0.718783
1478800473.426621,0.703157
1478800474.114152,0.687531
1478800474.817309,0.703157
1478800475.504841,0.687531
1478800476.176747,0.671906
1478800485.255287,0.718783
1478800485.927193,0.671906
1478800486.567847,0.640654
1478800487.239753,0.671906
1478800487.927284,0.687531
1478800488.630442,0.703157
1478800489.364850,0.734409
1478800490.021130,0.656280
1478800490.661785,0.640654
1478800491.318065,0.656280
1478800491.989970,0.671906
1478800492.786882,0.796911
1478800493.474413,0.687531
1478800494.146319,0.671906
1478800494.849476,0.703157
1478800495.615136,0.765660
1478800496.427674,0.812537
1478800497.099579,0.671906
1478800497.662105,0.562526
1478800498.302759,0.640654
1478800498.927788,0.625029
1478800499.552817,0.625029
1478800500.177845,0.625029
1478800500.802874,0.625029
1478800501.474780,0.671906
1478800502.162311,0.687531
1478800502.943597,0.781286
1478800503.599877,0.656280
1478800504.287408,0.687531
1478800504.881186,0.593777
1478800505.599968,0.718783
1478800506.303126,0.703157
1478800506.990657,0.687531
1478800507.646937,0.656280
1478800508.334469,0.687531
1478800508.912620,0.578151
1478800509.522023,0.609403
1478800510.225180,0.703157
1478800510.959589,0.734409
1478800511.647120,0.687531
1478800512.287775,0.640654
1478800512.944055,0.656280
1478800513.631586,0.687531
1478800517.772401,0.781286
1478800518.538061,0.765660
1478800519.350598,0.812537
1478800520.053755,0.703157
1478800520.694409,0.640654
1478800521.288187,0.593777
1478800521.944467,0.656280
1478800528.069747,0.828163
1478800541.632868,0.671906
1478800542.304774,0.671906
1478800542.961054,0.656280
1478800543.648585,0.687531
1478800544.273614,0.625029
1478800544.992397,0.718783
1478800545.695554,0.703157
1478800546.445588,0.750034
1478800551.133303,0.625029
1478800551.820834,0.687531
1478800552.570868,0.750034
1478800553.352154,0.781286
1478800554.133440,0.781286
1478800554.805346,0.671906
1478800555.461626,0.656280
1478800556.133532,0.671906
1478800556.805437,0.671906
1478800557.571097,0.765660
1478800558.211752,0.640654
1478800558.868032,0.656280
1478800559.539937,0.671906
1478800560.055586,0.515649
1478800560.821246,0.765660
1478800565.258949,0.906291
1478800566.133989,0.875040
1478800566.962152,0.828163
1478800570.415435,0.796911
1478800571.118593,0.703157
1478800571.837375,0.718783
1478800581.415939,0.734409
1478800582.275353,0.859414
1478800583.166019,0.890666
1478800583.916053,0.750034
1478800584.619210,0.703157
1478800585.431748,0.812537
1478800586.338039,0.906291
1478800587.259956,0.921917
1478800588.009991,0.750034
1478800588.681896,0.671906
1478800589.385054,0.703157
1478800590.181965,0.796911
1478800591.041379,0.859414
1478800591.791414,0.750034
1478800592.510197,0.718783
1478800593.150851,0.640654
1478800593.916511,0.765660
1478800594.775925,0.859414
1478800595.604088,0.828163
1478800596.322871,0.718783
1478800597.010403,0.687531
1478800597.682308,0.671906
1478800598.338588,0.656280
1478800598.963617,0.625029
1478800599.651149,0.687531
1478800603.573203,0.843789
1478800604.291986,0.718783
1478800604.995143,0.703157
1478800605.745178,0.750034
1478800606.495212,0.750034
1478800607.276498,0.781286
1478800607.964029,0.687531
1478800608.526555,0.562526
1478800609.198461,0.671906
1478800609.839115,0.640654
1478800610.401641,0.562526
1478800611.026669,0.625029
1478800611.604821,0.578151
1478800612.229849,0.625029
1478800612.839252,0.609403
1478800613.433029,0.593777
1478800613.964304,0.531274
1478800614.589332,0.625029
1478800615.229987,0.640654
1478800615.933144,0.703157
1478800616.526921,0.593777
1478800617.214453,0.687531
1478800617.886358,0.671906
1478800618.573890,0.687531
1478800619.198918,0.625029
1478800619.823947,0.625029
1478800620.495853,0.671906
1478800621.183384,0.687531
1478800621.949044,0.765660
1478800622.683453,0.734409
1478800623.370984,0.687531
1478800624.011639,0.640654
1478800634.371488,0.828163
1478800635.277779,0.906291
1478800636.105942,0.828163
1478800636.809099,0.703157
1478800637.481005,0.671906
1478800638.184162,0.703157
1478800638.965448,0.781286
1478800639.762360,0.796911
1478800640.559271,0.796911
1478800641.262428,0.703157
1478800641.934334,0.671906
1478800642.637491,0.703157
1478800643.371900,0.734409
1478800644.090683,0.718783
1478800644.825091,0.734409
1478800645.528249,0.703157
1478800646.247031,0.718783
1478800647.012691,0.765660
1478800647.778352,0.765660
1478800648.465883,0.687531
1478800649.153414,0.687531
1478800649.809695,0.656280
1478800650.512852,0.703157
1478800651.247260,0.734409
1478800652.091049,0.843789
1478800652.872335,0.781286
1478800653.637995,0.765660
1478800654.294275,0.656280
1478800655.075561,0.781286
1478800660.841449,0.750034
1478800661.607110,0.765660
1478800662.247764,0.640654
1478800662.825915,0.578151
1478800663.435318,0.609403
1478800664.075973,0.640654
1478800664.747878,0.671906
1478800665.466661,0.718783
1478800666.169818,0.703157
1478800666.951104,0.781286
1478800671.201299,0.656280
1478800671.826327,0.625029
1478800672.404479,0.578151
1478800673.013882,0.609403
1478800673.576407,0.562526
1478800674.185810,0.609403
1478800677.779725,0.625029
1478800678.357876,0.578151
1478800678.967279,0.609403
1478800679.592308,0.625029
1478800680.248588,0.656280
1478800680.951745,0.703157
1478800681.654902,0.703157
1478800682.295557,0.640654
1478800682.904959,0.609403
1478800683.529988,0.625029
1478800684.186268,0.656280
1478800684.873800,0.687531
1478800685.576957,0.703157
1478800686.326991,0.750034
1478800686.983271,0.656280
1478800687.655177,0.671906
1478800688.373960,0.718783
1478800689.139620,0.765660
1478800689.905280,0.765660
1478800690.545934,0.640654
1478800701.593315,0.703157
1478800702.280846,0.687531
1478800702.968378,0.687531
1478800703.609032,0.640654
1478800704.265312,0.656280
1478800708.374875,0.750034
1478800709.046781,0.671906
1478800709.671810,0.625029
1478800710.359341,0.687531
1478800711.156253,0.796911
1478800711.843784,0.687531
1478800712.562567,0.718783
1478800718.109696,0.781286
1478800718.875356,0.765660
1478800719.578513,0.703157
1478800720.250419,0.671906
1478800721.000453,0.750034
1478800721.734862,0.734409
1478800730.110245,0.953169
1478800731.000911,0.890666
1478800731.766571,0.765660
1478800732.500980,0.734409
1478800733.188511,0.687531
1478800733.985423,0.796911
1478800736.907431,0.625029
1478800737.673091,0.765660
1478800745.189060,0.671906
1478800745.892218,0.703157
1478800746.564123,0.671906
1478800747.189152,0.625029
1478800747.845432,0.656280
1478800748.501712,0.656280
1478800749.189244,0.687531
1478800749.892401,0.703157
1478800750.548681,0.656280
1478800751.189335,0.640654
1478800751.845615,0.656280
1478800752.548772,0.703157
1478800753.298807,0.750034
1478800753.970712,0.671906
1478800754.626992,0.656280
1478800755.330150,0.703157
1478800759.345958,0.703157
1478800760.002239,0.656280
1478800760.674144,0.671906
1478800761.283547,0.609403
1478800761.908576,0.625029
1478800762.642984,0.734409
1478800763.393019,0.750034
1478800764.221182,0.828163
1478800764.908713,0.687531
1478800765.596245,0.687531
1478800766.346279,0.750034
1478800767.252570,0.906291
1478800768.127610,0.875040
1478800768.877645,0.750034
1478800769.518299,0.640654
1478800770.143328,0.625029
1478800770.908988,0.765660
1478800771.643396,0.734409
1478800772.580939,0.937543
1478800773.362225,0.781286
1478800774.049757,0.687531
1478800774.768539,0.718783
1478800775.612328,0.843789
1478800776.377988,0.765660
1478800777.065520,0.687531
1478800777.737425,0.671906
1478800778.518711,0.781286
1478800779.221868,0.703157
1478800779.987528,0.765660
1478800780.706311,0.718783
1478800781.409468,0.703157
1478800782.003246,0.593777
1478800782.612648,0.609403
1478800783.362683,0.750034
1478800784.065840,0.703157
1478800784.800249,0.734409
1478800789.128572,0.796911
1478800789.847355,0.718783
1478800790.488009,0.640654
1478800795.503864,0.671906
1478800796.332026,0.828163
1478800797.128938,0.796911
1478800797.925849,0.796911
1478800798.613381,0.687531
1478800799.269661,0.656280
1478800799.910315,0.640654
1478800803.285470,0.765660
1478800804.051130,0.765660
1478800804.801164,0.750034
1478800805.566824,0.765660
1478800806.332484,0.765660
1478800807.004390,0.671906
1478800807.629419,0.625029
1478800808.238822,0.609403
1478800808.879476,0.640654
1478800809.535756,0.656280
1478800810.254539,0.718783
1478800810.957696,0.703157
1478800815.114136,0.640654
1478800815.723539,0.609403
1478800816.379819,0.656280
1478800821.020657,0.687531
1478800821.692562,0.671906
1478800825.348980,0.671906
1478800826.067763,0.718783
1478800826.802171,0.734409
1478800827.458451,0.656280
1478800828.099106,0.640654
1478800835.724455,0.843789
1478800838.412078,0.656280
1478800839.083983,0.671906
1478800839.787141,0.703157
1478800840.521549,0.734409
1478800841.177829,0.656280
1478800841.771606,0.593777
1478800842.443512,0.671906
1478800843.099792,0.656280
1478800843.943581,0.843789
1478800844.631112,0.687531
1478800845.318644,0.687531
1478800845.928047,0.609403
1478800846.506198,0.578151
1478800847.146852,0.640654
1478800855.131593,0.687531
1478800855.834750,0.703157
1478800856.522282,0.687531
1478800857.225439,0.703157
1478800857.944222,0.718783
1478800858.647379,0.703157
1478800859.444290,0.796911
1478800860.163073,0.718783
1478800860.819353,0.656280
1478800861.428756,0.609403
1478800862.053785,0.625029
1478800869.601005,0.671906
1478800870.210408,0.609403
1478800870.913565,0.703157
1478800876.945091,0.734409
1478800877.695126,0.750034
1478800878.288903,0.593777
1478800878.913932,0.625029
1478800879.507709,0.593777
1478800880.117112,0.609403
1478800880.742140,0.625029
1478800881.460923,0.718783
1478800886.367398,0.750034
1478800887.023678,0.656280
1478800887.679958,0.656280
1478800888.351864,0.671906
1478800889.008144,0.656280
1478800889.648798,0.640654
1478800890.305078,0.656280
1478800890.914481,0.609403
1478800891.586387,0.671906
1478800892.227041,0.640654
1478800892.930198,0.703157
1478800893.617730,0.687531
1478800894.242758,0.625029
1478800894.867787,0.625029
1478800895.508441,0.640654
1478800896.133470,0.625029
1478800896.758498,0.625029
1478800897.367901,0.609403
1478800898.039807,0.671906
1478800898.602333,0.562526
1478800903.305673,0.500023
1478800903.977579,0.671906
1478800904.618233,0.640654
1478800905.305765,0.687531
1478800906.040173,0.734409
1478800906.665202,0.625029
1478800907.446488,0.781286
1478800908.071516,0.625029
1478800908.759048,0.687531
1478800909.430954,0.671906
1478800910.102859,0.671906
1478800910.727888,0.625029
1478800911.321665,0.593777
1478800911.931068,0.609403
1478800912.540471,0.609403
1478800913.165499,0.625029
1478800913.790528,0.625029
1478800914.446808,0.656280
1478800915.040585,0.593777
1478800915.681240,0.640654
1478800916.321894,0.640654
1478800916.931297,0.609403
1478800917.587577,0.656280
1478800918.196980,0.609403
1478800918.806383,0.609403
1478800919.400160,0.593777
1478800920.025188,0.625029
1478800920.697094,0.671906
1478800921.431503,0.734409
1478800922.103409,0.671906
1478800922.744063,0.640654
1478800923.353466,0.609403
1478800923.947243,0.593777
1478800924.572272,0.625029
1478800925.197300,0.625029
1478800925.837955,0.640654
1478800926.494235,0.656280
1478800927.134889,0.640654
1478800934.603981,0.609403
1478800935.182132,0.578151
1478800954.167376,0.593777
1478800954.870533,0.703157
1478800955.558065,0.687531
1478800956.292474,0.734409
1478800956.980005,0.687531
1478800957.605034,0.625029
1478800958.261314,0.656280
1478800963.495928,0.578151
1478800964.058454,0.562526
1478800964.605354,0.546900
1478800965.214757,0.609403
1478800965.886663,0.671906
1478800966.511691,0.625029
1478800967.136720,0.625029
1478800967.777374,0.640654
1478800968.449280,0.671906
1478800969.074309,0.625029
1478800969.605583,0.531274
1478801038.921256,0.750034
1478801039.561910,0.640654
1478801046.093459,0.906291
1478801046.874745,0.781286
1478801047.687282,0.812537
1478801048.609199,0.921917
1478801049.296731,0.687531
1478801050.015514,0.718783
1478801050.656168,0.640654
1478801051.265571,0.609403
1478801051.906225,0.640654
1478801052.500002,0.593777
1478801053.093780,0.593777
1478801088.439147,0.625029
1478801089.142305,0.703157
1478801089.986093,0.843789
1478801090.689250,0.703157
1478801091.423659,0.734409
1478801092.064313,0.640654
1478801092.767471,0.703157
1478801093.470628,0.703157
1478801094.142534,0.671906
1478801094.751936,0.609403
1478801103.408583,0.593777
1478801104.158617,0.750034
1478801110.080763,0.765660
1478801110.721417,0.640654
1478801111.424575,0.703157
1478801112.174609,0.750034
1478801112.955895,0.781286
1478801113.705929,0.750034
1478801114.377835,0.671906
1478801155.270332,0.656280
1478801155.973489,0.703157
1478801156.707897,0.734409
1478801157.426680,0.718783
1478801158.067335,0.640654
1478801174.724347,0.656280
1478801175.365001,0.640654
1478801176.115036,0.750034
1478801181.427779,0.718783
1478801182.302819,0.875040
1478801183.146608,0.843789
1478801183.865391,0.718783
1478801184.474793,0.609403
1478801185.115448,0.640654
1478801185.740476,0.625029
1478801186.428008,0.687531
1478801190.146928,0.656280
1478801190.787582,0.640654
1478801191.396985,0.609403
1478801192.068891,0.671906
1478801204.335078,0.562526
1478801204.850726,0.515649
1478801208.491518,0.671906
1478801209.225926,0.734409
1478801209.960335,0.734409
1478801214.148027,0.671906
1478801214.757430,0.609403
1478801215.398084,0.640654
1478801216.023113,0.625029
1478801221.210850,0.718783
1478801221.929633,0.718783
1478801222.601539,0.671906
1478801223.257819,0.656280
1478801223.929724,0.671906
1478801224.648507,0.718783
1478801225.429793,0.781286
1478801226.273582,0.843789
1478801227.164248,0.890666
1478801227.929908,0.765660
1478801228.601813,0.671906
1478801229.273719,0.671906
1478801229.961251,0.687531
1478801230.836291,0.875040
1478801231.601951,0.765660
1478801232.367611,0.765660
1478801233.039516,0.671906
1478801233.711422,0.671906
1478801234.477082,0.765660
1478801235.211491,0.734409
1478801236.024028,0.812537
1478801236.852191,0.828163
1478801237.524097,0.671906
1478801244.040020,0.609403
1478801244.633797,0.593777
1478801245.196323,0.562526
1478801245.790100,0.593777
1478801252.165392,0.687531
1478801252.852923,0.687531
1478801253.509203,0.656280
1478801254.196735,0.687531
1478801255.056149,0.859414
1478801255.993692,0.937543
1478801256.946861,0.953169
1478801260.181384,0.656280
1478801260.822038,0.640654
1478801261.431441,0.609403
1478801262.040844,0.609403
1478801262.712750,0.671906
1478801263.509661,0.796911
1478801264.306573,0.796911
1478801265.244116,0.937543
1478801266.009776,0.765660
1478801266.759810,0.750034
1478801267.587973,0.828163
1478801268.400510,0.812537
1478801269.244299,0.843789
1478801270.009959,0.765660
1478801270.681865,0.671906
1478801271.338145,0.656280
1478801271.978799,0.640654
1478801272.681956,0.703157
1478801273.416365,0.734409
1478801274.103896,0.687531
1478801274.744550,0.640654
1478801275.447708,0.703157
1478801276.307122,0.859414
1478801277.150911,0.843789
1478801278.010325,0.859414
1478801278.791611,0.781286
1478801279.416639,0.625029
1478801283.541828,0.703157
1478801287.901403,0.687531
1478801288.667063,0.765660
1478801289.417097,0.750034
1478801290.182757,0.765660
1478801290.964043,0.781286
1478801291.667200,0.703157
1478801292.307854,0.640654
1478801292.948509,0.640654
1478801293.714169,0.765660
1478801294.307946,0.593777
1478801295.042355,0.734409
1478801295.698635,0.656280
1478801296.401792,0.703157
1478801302.495821,0.718783
1478801303.183352,0.687531
1478801303.839632,0.656280
1478801304.558415,0.718783
1478801313.777587,0.718783
1478801314.558873,0.781286
1478801315.418287,0.859414
1478801316.277702,0.859414
1478801317.121490,0.843789
1478801317.840273,0.718783
1478801318.605933,0.765660
1478801319.434096,0.828163
1478801320.340388,0.906291
1478801325.012476,0.765660
1478801325.871891,0.859414
1478801326.637551,0.765660
1478801327.356334,0.718783
1478801328.153245,0.796911
1478801328.997034,0.843789
1478801329.778320,0.781286
1478801330.497102,0.718783
1478801350.998041,0.765660
1478801351.732450,0.734409
1478801352.419981,0.687531
1478801353.091887,0.671906
1478801353.857547,0.765660
1478801354.670084,0.812537
1478801355.529498,0.859414
1478801356.373287,0.843789
1478801357.107696,0.734409
1478801357.748350,0.640654
1478801358.435881,0.687531
1478801365.170565,0.875040
1478801365.936225,0.765660
1478801366.655008,0.718783
1478801367.405042,0.750034
1478801368.186328,0.781286
1478801369.014491,0.828163
1478801369.936408,0.921917
1478801370.748945,0.812537
1478801371.498979,0.750034
1478801372.295891,0.796911
1478801373.170931,0.875040
1478801374.061597,0.890666
1478801374.889760,0.828163
1478801375.655420,0.765660
1478801376.467957,0.812537
1478801377.296120,0.828163
1478801378.139908,0.843789
1478801378.858691,0.718783
1478801379.514971,0.656280
1478801380.171251,0.656280
1478801380.921286,0.750034
1478801384.968346,0.687531
1478801385.671503,0.703157
1478801386.390286,0.718783
1478801387.171572,0.781286
1478801387.921606,0.750034
1478801388.640389,0.718783
1478801389.296669,0.656280
1478801390.093580,0.796911
1478801390.874866,0.781286
1478801391.734281,0.859414
1478801392.578069,0.843789
1478801393.343729,0.765660
1478801394.093764,0.750034
1478801394.875049,0.781286
1478801395.687587,0.812537
1478801396.562627,0.875040
1478801397.406415,0.843789
1478801398.187701,0.781286
1478801403.422316,0.687531
1478801404.109847,0.687531
1478801404.922384,0.812537
1478801405.766173,0.843789
1478801406.656839,0.890666
1478801407.547504,0.890666
1478801408.328790,0.781286
1478801419.563679,0.718783
1478801420.344965,0.781286
1478801421.173128,0.828163
1478801422.032542,0.859414
1478801422.860705,0.828163
1478801423.563863,0.703157
1478801424.204517,0.640654
1478801424.876423,0.671906
1478801425.642083,0.765660
1478801434.033092,0.781286
1478801434.798752,0.765660
1478801435.517535,0.718783
1478801436.205066,0.687531
1478801436.908223,0.703157
1478801437.611381,0.703157
1478801438.330163,0.718783
1478801439.095824,0.765660
1478801439.986489,0.890666
1478801440.830278,0.843789
1478801441.658441,0.828163
1478801442.517855,0.859414
1478801443.299141,0.781286
1478801444.189807,0.890666
1478801445.049221,0.859414
1478801445.783630,0.734409
1478801446.564915,0.781286
1478801447.377453,0.812537
1478801448.205616,0.828163
1478801449.096281,0.890666
1478801449.752561,0.656280
1478801450.440093,0.687531
1478801451.252630,0.812537
1478801460.862445,0.796911
1478801461.659356,0.796911
1478801462.628151,0.968794
1478801463.378185,0.750034
1478801464.065717,0.687531
1478801464.800125,0.734409
1478801465.550159,0.750034
1478801466.331445,0.781286
1478801467.065854,0.734409
1478801467.815888,0.750034
1478801468.487794,0.671906
1478801469.175325,0.687531
1478801469.956611,0.781286
1478801474.456817,0.843789
1478801475.316231,0.859414
1478801476.160020,0.843789
1478801476.910054,0.750034
1478801477.628837,0.718783
1478801478.425749,0.796911
1478801479.316415,0.890666
1478801480.191455,0.875040
1478801480.972740,0.781286
1478801481.769652,0.796911
1478801482.535312,0.765660
1478801483.379101,0.843789
1478801484.269766,0.890666
1478801485.144806,0.875040
1478801485.941718,0.796911
1478801486.660501,0.718783
1478801487.426161,0.765660
1478801488.207447,0.781286
1478801488.988732,0.781286
1478801494.801498,0.765660
1478801495.504656,0.703157
1478801496.176561,0.671906
1478801496.879719,0.703157
1478801497.645379,0.765660
1478801498.442290,0.796911
1478801507.333322,0.671906
1478801508.020854,0.687531
1478801508.692759,0.671906
1478801509.333414,0.640654
1478801510.005319,0.671906
1478801510.614722,0.609403
1478801511.161622,0.546900
1478801511.833528,0.671906
1478801512.474182,0.640654
1478801513.146088,0.671906
1478801513.974251,0.828163
1478801518.818223,0.765660
1478801519.505754,0.687531
1478801520.146409,0.640654
1478801520.818314,0.671906
1478801521.521472,0.703157
1478801522.318383,0.796911
1478801523.130920,0.812537
1478801523.865329,0.734409
1478801524.584112,0.718783
1478801525.365397,0.781286
1478801526.193560,0.828163
1478801527.052975,0.859414
1478801527.771758,0.718783
1478801528.459289,0.687531
1478801529.146821,0.687531
1478801529.803101,0.656280
1478801538.991021,0.703157
1478801539.662927,0.671906
1478801540.319207,0.656280
1478801540.975487,0.656280
1478801541.647393,0.671906
1478801542.334924,0.687531
1478801543.053707,0.718783
1478801543.663110,0.609403
1478801544.428770,0.765660
1478801549.475876,0.656280
1478801550.100905,0.625029
1478801550.741559,0.640654
1478801551.366588,0.625029
1478801551.991616,0.625029
1478801552.632271,0.640654
1478801553.304176,0.671906
1478801557.554371,0.656280
1478801558.273154,0.718783
1478801559.023188,0.750034
1478801559.913854,0.890666
1478801560.820145,0.906291
1478801561.710811,0.890666
1478801562.476471,0.765660
1478801563.148377,0.671906
1478801563.820283,0.671906
1478801569.508043,0.796911
1478801570.179949,0.671906
1478801577.086515,0.875040
1478801577.945929,0.859414
1478801578.805344,0.859414
1478801579.696009,0.890666
1478801580.508547,0.812537
1478801581.289832,0.781286
1478801582.055492,0.765660
1478801582.930532,0.875040
1478801583.868075,0.937543
1478801584.836870,0.968794
1478801585.727535,0.890666
1478801586.524447,0.796911
1478801587.227604,0.703157
1478801588.087018,0.859414
1478801589.008936,0.921917
1478801589.962104,0.953169
1478801590.852770,0.890666
1478801591.649682,0.796911
1478801592.477844,0.828163
1478801593.337259,0.859414
1478801594.212299,0.875040
1478801595.102965,0.890666
1478801595.946753,0.843789
1478801596.743665,0.796911
1478801597.478073,0.734409
1478801598.228108,0.750034
1478801599.009393,0.781286
1478801599.853182,0.843789
1478801600.743848,0.890666
1478801601.634514,0.890666
1478801602.415799,0.781286
1478801603.259588,0.843789
1478801604.040874,0.781286
1478801604.790908,0.750034
1478801605.462814,0.671906
1478801606.087842,0.625029
1478801606.759748,0.671906
1478801607.509783,0.750034
1478801608.337945,0.828163
1478801609.134857,0.796911
1478801609.884891,0.750034
1478801610.791183,0.906291
1478801611.697474,0.906291
1478801612.603766,0.906291
1478801613.494431,0.890666
1478801614.291343,0.796911
1478801615.057003,0.765660
1478801615.853914,0.796911
1478801616.682077,0.828163
1478801617.603995,0.921917
1478801618.463409,0.859414
1478801619.244695,0.781286
1478801619.994729,0.750034
1478801621.010401,1.015671
1478801621.979195,0.968794
1478801622.932364,0.953169
1478801623.760526,0.828163
1478801624.479309,0.718783
1478801625.276221,0.796911
1478801626.260641,0.984420
1478801627.276312,1.015671
1478801628.213855,0.937543
1478801629.026392,0.812537
1478801629.885807,0.859414
1478801630.854601,0.968794
1478801631.807770,0.953169
1478801632.682810,0.875040
1478801633.495347,0.812537
1478801634.229756,0.734409
1478801635.011041,0.781286
1478801635.964210,0.953169
1478801636.933004,0.968794
1478801637.854922,0.921917
1478801638.651833,0.796911
1478801639.448745,0.796911
1478801640.308159,0.859414
1478801641.073819,0.765660
1478801648.292899,0.843789
1478801649.167939,0.875040
1478801650.042979,0.875040
1478801650.902394,0.859414
1478801651.683680,0.781286
1478801652.418088,0.734409
1478801653.168123,0.750034
1478801653.949408,0.781286
1478801654.761945,0.812537
1478801655.668237,0.906291
1478801656.621406,0.953169
1478801657.480820,0.859414
1478801658.183977,0.703157
1478801658.840257,0.656280
1478801659.543414,0.703157
1478801660.434080,0.890666
1478801661.465377,1.031297
1478801662.387295,0.921917
1478801663.168580,0.781286
1478801663.949866,0.781286
1478801664.793655,0.843789
1478801665.621818,0.828163
1478801666.434355,0.812537
1478801667.309395,0.875040
1478801668.184435,0.875040
1478801669.043849,0.859414
1478801669.887638,0.843789
1478801670.637672,0.750034
1478801671.372081,0.734409
1478801672.184618,0.812537
1478801673.075284,0.890666
1478801673.981575,0.906291
1478801674.840990,0.859414
1478801675.637901,0.796911
1478801676.403561,0.765660
1478801677.216098,0.812537
1478801678.059887,0.843789
1478801678.934927,0.875040
1478801679.716213,0.781286
1478801680.497499,0.781286
1478801681.435041,0.937543
1478801689.466659,0.875040
1478801690.310448,0.843789
1478801691.107359,0.796911
1478801691.826142,0.718783
1478801692.513674,0.687531
1478801693.279334,0.765660
1478801694.107497,0.828163
1478801694.998162,0.890666
1478801695.904454,0.906291
1478801696.748242,0.843789
1478801697.498277,0.750034
1478801698.279562,0.781286
1478801699.092100,0.812537
1478801699.935888,0.843789
1478801700.826554,0.890666
1478801701.639091,0.812537
1478801702.404751,0.765660
1478801703.186037,0.781286
1478801704.076703,0.890666
1478801704.967369,0.890666
1478801705.811157,0.843789
1478801706.576817,0.765660
1478801707.264349,0.687531
1478801708.045635,0.781286
1478801708.920675,0.875040
1478801709.811340,0.890666
1478801710.702006,0.890666
1478801711.483292,0.781286
1478801712.358332,0.875040
1478801713.264623,0.906291
1478801714.124038,0.859414
1478801714.936575,0.812537
1478801715.655358,0.718783
1478801716.327264,0.671906
1478801729.171602,0.671906
1478801729.843507,0.671906
1478801730.499787,0.656280
1478801731.171693,0.671906
1478801737.718868,0.640654
1478801738.343896,0.625029
1478801739.047054,0.703157
1478801739.656456,0.609403
1478801747.828706,0.562526
1478801748.406857,0.578151
1478801754.110243,0.546900
1478801754.750897,0.640654
1478801761.548084,0.750034
1478801772.939230,0.593777
1478801773.548633,0.609403
1478801777.298805,0.734409
1478801778.142593,0.843789
1478801778.908253,0.765660
1478801794.862108,0.859414
1478801795.674646,0.812537
1478801796.471557,0.796911
1478801797.252843,0.781286
1478801798.002877,0.750034
1478801798.706034,0.703157
1478801799.424817,0.718783
1478801800.174852,0.750034
1478801800.799880,0.625029
1478801801.409283,0.609403
1478801802.065563,0.656280
1478801802.846849,0.781286
1478801803.737515,0.890666
1478801804.487549,0.750034
1478801805.175081,0.687531
1478801805.846986,0.671906
1478801806.534518,0.687531
1478801813.769224,0.671906
1478801850.505280,0.953169
1478801866.459136,0.671906
1478801867.068539,0.609403
1478801870.459319,0.546900
1478801871.146850,0.687531
1478801871.834382,0.687531
1478801872.443785,0.609403
1478801873.068813,0.625029
1478801873.600088,0.531274
1478801878.881579,0.656280
1478801879.553485,0.671906
1478801880.194139,0.640654
1478801880.803542,0.609403
1478801881.537951,0.734409
1478801908.101667,0.609403
1478801919.055293,0.718783
1478801938.290549,0.609403
1478801938.915577,0.625029
1478801951.369272,0.750034
1478801952.056804,0.687531
1478801984.792677,0.781286
1478801985.448957,0.656280
1478801986.120863,0.671906
1478801986.917774,0.796911
1478802001.809081,0.703157
1478802002.652870,0.843789
1478802027.122740,0.546900
1478802036.545046,0.546900
1478802054.186479,0.750034
1478802055.061519,0.875040
1478802055.905308,0.843789
1478802056.670968,0.765660
1478802057.405376,0.734409
1478802058.155411,0.750034
1478802078.843858,0.796911
1478802082.484649,0.875040
1478802083.281561,0.796911
1478802084.015969,0.734409
1478802084.734752,0.718783
1478802085.562915,0.828163
1478802086.359827,0.796911
1478802087.094235,0.734409
1478802087.781767,0.687531
1478802088.375544,0.593777
1478802122.673989,0.890666
1478802123.564655,0.890666
1478802124.392817,0.828163
1478802125.127226,0.734409
1478802145.331276,1.500069
1478802146.831345,1.500069
1478802432.891314,0.750034
1478802449.876466,0.812537
1478802450.657752,0.781286
1478802451.314032,0.656280
1478802451.954686,0.640654
1478802464.080241,0.843789
1478802464.924030,0.843789
1478802465.689690,0.765660
1478802466.330344,0.640654
1478802466.970999,0.640654
1478802467.752285,0.781286
1478802468.658576,0.906291
1478802469.564867,0.906291
1478802470.424282,0.859414
1478802471.252445,0.828163
1478802472.049356,0.796911
1478802472.783765,0.734409
1478802473.455671,0.671906
1478802474.252582,0.796911
1478802478.596531,0.718783
1478802479.346565,0.750034
1478802480.112225,0.765660
1478802480.924762,0.812537
1478802481.752925,0.828163
1478802482.549837,0.796911
1478802483.299871,0.750034
1478802484.003028,0.703157
1478802484.768688,0.765660
1478802485.581226,0.812537
1478802486.409389,0.828163
1478802487.253177,0.843789
1478802488.034463,0.781286
1478802488.737620,0.703157
1478802489.487654,0.750034
1478802490.284566,0.796911
1478802493.909732,0.718783
1478802494.659766,0.750034
1478802495.441052,0.781286
1478802496.175461,0.734409
1478802496.831741,0.656280
1478802497.519272,0.687531
1478802498.222429,0.703157
1478802498.988089,0.765660
1478802499.753749,0.765660
1478802500.488158,0.734409
1478802504.847733,0.703157
1478802505.535264,0.687531
1478802506.254047,0.718783
1478802506.972830,0.718783
1478802507.800993,0.828163
1478802508.613530,0.812537
1478802509.347939,0.734409
1478802510.004219,0.656280
1478802510.644873,0.640654
1478802511.348030,0.703157
1478802512.113690,0.765660
1478802512.894976,0.781286
1478802513.613759,0.718783
1478802514.285665,0.671906
1478802515.004447,0.718783
1478802515.754482,0.750034
1478802516.535768,0.781286
1478802517.317053,0.781286
1478802518.082713,0.765660
1478802518.817122,0.734409
1478802519.489028,0.671906
1478802520.160933,0.671906
1478802520.848465,0.687531
1478802521.582874,0.734409
1478802522.348534,0.765660
1478802523.098568,0.750034
1478802523.786099,0.687531
1478802524.520508,0.734409
1478802525.348671,0.828163
1478802526.161208,0.812537
1478802526.973745,0.812537
1478802527.676903,0.703157
1478802528.348808,0.671906
1478802529.051965,0.703157
1478802529.786374,0.734409
1478802530.614537,0.828163
1478802531.427074,0.812537
1478802532.161483,0.734409
1478802532.911517,0.750034
1478802533.770931,0.859414
1478802534.630346,0.859414
1478802535.536637,0.906291
1478802536.302297,0.765660
1478802536.974203,0.671906
1478802537.677360,0.703157
1478802538.458646,0.781286
1478802539.411815,0.953169
1478802540.333732,0.921917
1478802541.208772,0.875040
1478802541.958806,0.750034
1478802542.677589,0.718783
1478802543.458875,0.781286
1478802544.287038,0.828163
1478802545.146452,0.859414
1478802545.974615,0.828163
1478802546.709024,0.734409
1478802547.474684,0.765660
1478802548.302847,0.828163
1478802549.146635,0.843789
1478802550.021675,0.875040
1478802550.865464,0.843789
1478802551.662375,0.796911
1478802552.506164,0.843789
1478802553.349953,0.843789
1478802554.162490,0.812537
1478802554.896899,0.734409
1478802555.584430,0.687531
1478802556.396967,0.812537
1478802557.256382,0.859414
1478802558.115796,0.859414
1478802558.912707,0.796911
1478802559.600239,0.687531
1478802560.256519,0.656280
1478802560.959676,0.703157
1478802561.787839,0.828163
1478802566.272419,0.812537
1478802567.116208,0.843789
1478802567.897494,0.781286
1478802568.616277,0.718783
1478802569.335059,0.718783
1478802570.131971,0.796911
1478802570.960134,0.828163
1478802571.866425,0.906291
1478802572.616460,0.750034
1478802573.335243,0.718783
1478802574.163405,0.828163
1478802575.069697,0.906291
1478802575.975988,0.906291
1478802576.866654,0.890666
1478802577.601063,0.734409
1478802578.319846,0.718783
1478802579.085506,0.765660
1478802579.929294,0.843789
1478802580.804334,0.875040
1478802581.679374,0.875040
1478802582.460660,0.781286
1478802583.241946,0.781286
1478802584.070109,0.828163
1478802584.929523,0.859414
1478802585.788938,0.859414
1478802586.523346,0.734409
1478802587.164001,0.640654
1478802587.867158,0.703157
1478802588.601566,0.734409
1478802592.898638,0.843789
1478802593.804929,0.906291
1478802594.648718,0.843789
1478802595.383127,0.734409
1478802596.023781,0.640654
1478802596.680061,0.656280
1478802597.398844,0.718783
1478802598.305135,0.906291
1478802599.211427,0.906291
1478802600.023964,0.812537
1478802600.742747,0.718783
1478802601.524033,0.781286
1478802602.367821,0.843789
1478802603.258487,0.890666
1478802604.149153,0.890666
1478802604.899187,0.750034
1478802605.586719,0.687531
1478802606.383630,0.796911
1478802607.289922,0.906291
1478802608.196213,0.906291
1478802609.071253,0.875040
1478802609.836913,0.765660
1478802610.618199,0.781286
1478802611.493239,0.875040
1478802612.399531,0.906291
1478802613.305822,0.906291
1478802614.149611,0.843789
1478802614.884019,0.734409
1478802615.555925,0.671906
1478802616.290334,0.734409
1478802620.931171,0.906291
1478802621.868714,0.937543
1478802622.775006,0.906291
1478802623.587543,0.812537
1478802624.306326,0.718783
1478802624.993857,0.687531
1478802625.743891,0.750034
1478802630.353477,0.937543
1478802631.259769,0.906291
1478802632.150435,0.890666
1478802632.947346,0.796911
1478802633.697381,0.750034
1478802634.494292,0.796911
1478802635.353706,0.859414
1478802636.259998,0.906291
1478802637.056909,0.796911
1478802637.885072,0.828163
1478802638.806989,0.921917
1478802639.713281,0.906291
1478802640.619572,0.906291
1478802641.447735,0.828163
1478802642.260273,0.812537
1478802643.088435,0.828163
1478802643.916598,0.828163
1478802644.760387,0.843789
1478802645.541673,0.781286
1478802646.291707,0.750034
1478802647.104244,0.812537
1478802647.994910,0.890666
1478802648.963704,0.968794
1478802649.869996,0.906291
1478802650.635656,0.765660
1478802651.354439,0.718783
1478802652.229479,0.875040
1478802653.135770,0.906291
1478802654.026436,0.890666
1478802654.807722,0.781286
1478802655.495253,0.687531
1478802656.260913,0.765660
1478802657.245333,0.984420
1478802658.214128,0.968794
1478802659.120419,0.906291
1478802659.917331,0.796911
1478802660.682991,0.765660
1478802661.479902,0.796911
1478802662.339317,0.859414
1478802663.245608,0.906291
1478802664.105022,0.859414
1478802667.620808,0.671906
1478802673.386697,0.625029
1478802674.027352,0.640654
1478802674.714883,0.687531
1478802675.418040,0.703157
1478802676.136823,0.718783
1478802676.777478,0.640654
1478802677.386880,0.609403
1478802677.980658,0.593777
1478802678.683815,0.703157
1478802679.324469,0.640654
1478802680.012001,0.687531
1478802680.637029,0.625029
1478802681.308935,0.671906
1478802681.965215,0.656280
1478802682.621495,0.656280
1478802683.309026,0.687531
1478802683.949681,0.640654
1478802684.621587,0.671906
1478802687.777981,0.593777
1478802688.418635,0.640654
1478802689.074915,0.656280
1478802689.637441,0.562526
1478802690.231218,0.593777
1478802693.184479,0.578151
1478802693.762630,0.578151
1478802694.387659,0.625029
1478802695.075190,0.687531
1478802695.684593,0.609403
1478802696.419002,0.734409
1478802697.090907,0.671906
1478802697.700310,0.609403
1478802698.247210,0.546900
1478802698.856613,0.609403
1478802699.466016,0.609403
1478802700.075419,0.609403
1478802700.684822,0.609403
1478802701.294225,0.609403
1478802701.934879,0.640654
1478802702.622411,0.687531
1478802703.184936,0.562526
1478802703.794339,0.609403
1478802710.404017,0.640654
1478802718.560640,0.703157
1478802719.326300,0.765660
1478802720.154463,0.828163
1478802720.982626,0.828163
1478802721.826415,0.843789
1478802722.638952,0.812537
1478802723.435863,0.796911
1478802724.201523,0.765660
1478802724.904680,0.703157
1478802732.123761,0.906291
1478802733.045678,0.921917
1478802733.889467,0.843789
1478802734.702004,0.812537
1478802735.530167,0.828163
1478802736.358330,0.828163
1478802737.170867,0.812537
1478802737.999030,0.828163
1478802738.764690,0.765660
1478802739.624104,0.859414
1478802740.483519,0.859414
1478802741.249179,0.765660
1478802741.967962,0.718783
1478802742.764873,0.796911
1478802743.593036,0.828163
1478802744.499327,0.906291
1478802745.249362,0.750034
1478802745.983770,0.734409
1478802746.796308,0.812537
1478802747.671348,0.875040
1478802748.515136,0.843789
1478802749.312048,0.796911
1478802750.093333,0.781286
1478802750.858994,0.765660
1478802751.718408,0.859414
1478802752.577822,0.859414
1478802753.421611,0.843789
1478802754.265399,0.843789
1478802755.062311,0.796911
1478802755.812345,0.750034
1478802756.593631,0.781286
1478802757.406168,0.812537
1478802758.359337,0.953169
1478802759.265628,0.906291
1478802760.109417,0.843789
1478802760.875077,0.765660
1478802761.734491,0.859414
1478802762.609531,0.875040
1478802763.484571,0.875040
1478802764.250232,0.765660
1478802764.937763,0.687531
1478802765.594043,0.656280
1478802766.281574,0.687531
1478802770.688026,0.859414
1478802771.578692,0.890666
1478802772.359978,0.781286
1478802773.063135,0.703157
1478802773.735041,0.671906
1478802774.453824,0.718783
1478802775.266361,0.812537
1478802776.125775,0.859414
1478802776.938312,0.812537
1478802777.766475,0.828163
1478802778.641515,0.875040
1478802779.516555,0.875040
1478802780.375970,0.859414
1478802781.204133,0.828163
1478802782.016670,0.812537
1478802782.782330,0.765660
1478802783.594867,0.812537
1478802784.485533,0.890666
1478802785.360573,0.875040
1478802786.235613,0.875040
1478802787.001273,0.765660
1478802787.766933,0.765660
1478802788.610722,0.843789
1478802789.563890,0.953169
1478802790.454556,0.890666
1478802791.188965,0.734409
1478802791.892122,0.703157
1478802792.626530,0.734409
1478802793.454693,0.828163
1478802794.376611,0.921917
1478802795.189148,0.812537
1478802796.032936,0.843789
1478802797.032982,1.000046
1478802797.970525,0.937543
1478802798.892442,0.921917
1478802799.673728,0.781286
1478802805.423991,0.812537
1478802806.439663,1.015671
1478802807.408457,0.968794
1478802808.330374,0.921917
1478802809.189789,0.859414
1478802809.908571,0.718783
1478802810.642980,0.734409
1478802811.564897,0.921917
1478802812.549317,0.984420
1478802813.455609,0.906291
1478802814.268146,0.812537
1478802815.002555,0.734409
1478802815.908846,0.906291
1478802816.783886,0.875040
1478802817.752681,0.968794
1478802818.612095,0.859414
1478802819.346503,0.734409
1478802820.049661,0.703157
1478802820.830946,0.781286
1478802821.784115,0.953169
1478802822.706032,0.921917
1478802823.581072,0.875040
1478802824.346732,0.765660
1478802825.143644,0.796911
1478802825.987432,0.843789
1478802826.846847,0.859414
1478802827.721887,0.875040
1478802828.534424,0.812537
1478802829.300084,0.765660
1478802830.081370,0.781286
1478802830.909533,0.828163
1478802831.784573,0.875040
1478802832.628361,0.843789
1478802833.394022,0.765660
1478802834.128430,0.734409
1478802834.847213,0.718783
1478802835.659750,0.812537
1478802836.566042,0.906291
1478802837.331702,0.765660
1478802838.034859,0.703157
1478802838.691139,0.656280
1478802839.363045,0.671906
1478802840.238085,0.875040
1478802840.941242,0.703157
1478802841.519393,0.578151
1478802842.160048,0.640654
1478802842.847579,0.687531
1478802847.519668,0.687531
1478802848.254077,0.734409
1478802848.988485,0.734409
1478802849.644765,0.656280
1478802850.316671,0.671906
1478802850.957325,0.640654
1478802851.629231,0.671906
1478802852.316763,0.687531
1478802853.004294,0.687531
1478802853.676200,0.671906
1478802854.379357,0.703157
1478802859.082697,0.812537
1478802859.848357,0.765660
1478802860.676520,0.828163
1478802861.582812,0.906291
1478802862.520355,0.937543
1478802863.379769,0.859414
1478802864.192306,0.812537
1478802865.020469,0.828163
1478802865.942386,0.921917
1478802866.895555,0.953169
1478802867.739344,0.843789
1478802868.567507,0.828163
1478802869.395669,0.828163
1478802870.286335,0.890666
1478802871.239504,0.953169
1478802872.098918,0.859414
1478802872.880204,0.781286
1478802873.739618,0.859414
1478802874.692787,0.953169
1478802875.630330,0.937543
1478802876.489744,0.859414
1478802877.224153,0.734409
1478802877.911684,0.687531
1478802878.864853,0.953169
1478802879.880524,1.015671
1478802880.786816,0.906291
1478802893.896791,0.859414
1478802894.771831,0.875040
1478802895.631245,0.859414
1478802896.506285,0.875040
1478802897.381325,0.875040
1478802898.225114,0.843789
1478802898.959523,0.734409
1478802899.709557,0.750034
1478802900.553346,0.843789
1478802901.553391,1.000046
1478802902.522186,0.968794
1478802903.397226,0.875040
1478802904.100383,0.703157
1478802904.787915,0.687531
1478802905.616077,0.828163
1478802906.600497,0.984420
1478802907.553666,0.953169
1478802908.413080,0.859414
1478802909.225618,0.812537
1478802910.147535,0.921917
1478802911.100703,0.953169
1478802912.038246,0.937543
1478802926.960804,0.593777
1478802927.601459,0.640654
1478802931.132870,0.562526
1478802931.757899,0.625029
1478802932.414179,0.656280
1478802933.117336,0.703157
1478802933.836119,0.718783
1478802934.617405,0.781286
1478802935.414316,0.796911
1478802936.195602,0.781286
1478802936.976888,0.781286
1478802937.773799,0.796911
1478802938.570711,0.796911
1478802939.336371,0.765660
1478802940.133282,0.796911
1478802940.977071,0.843789
1478802941.836485,0.859414
1478802942.711525,0.875040
1478802943.430308,0.718783
1478802955.977758,0.765660
1478802956.805921,0.828163
1478802957.743464,0.937543
1478802958.649755,0.906291
1478802959.524795,0.875040
1478802960.337332,0.812537
1478802961.056115,0.718783
1478802964.978170,0.671906
1478802965.650075,0.671906
1478802966.384484,0.734409
1478802967.134518,0.750034
1478802967.947056,0.812537
1478802973.025413,0.656280
1478802973.650442,0.625029
1478802974.306722,0.656280
1478802974.994253,0.687531
1478802975.650533,0.656280
1478802976.306813,0.656280
1478802977.041222,0.734409
1478802977.822508,0.781286
1478802978.588168,0.765660
1478802979.275699,0.687531
1478802979.947605,0.671906
1478802980.619511,0.671906
1478802981.307042,0.687531
1478802986.354148,0.593777
1478803022.621433,0.578151
1478803023.246462,0.625029
1478803023.840239,0.593777
1478803024.543396,0.703157
1478803025.215302,0.671906
1478803025.934085,0.718783
1478803026.699745,0.765660
1478803027.559159,0.859414
1478803028.309194,0.750034
1478803029.090479,0.781286
1478803029.840514,0.750034
1478803030.496794,0.656280
1478803031.168700,0.671906
1478803031.762477,0.593777
1478803039.622211,0.671906
1478803040.278491,0.656280
1478803046.810040,0.671906
1478803047.466321,0.656280
1478803048.075723,0.609403
1478803048.669501,0.593777
1478803049.388283,0.718783
1478803049.982061,0.593777
1478803050.669592,0.687531
1478803054.763530,0.578151
1478803058.388695,0.640654
1478803058.919970,0.531274
1478803059.498121,0.578151
1478803060.107524,0.609403
1478803060.748178,0.640654
1478803061.435710,0.687531
1478803062.154493,0.718783
1478803067.264102,0.625029
1478803067.889130,0.625029
1478803068.529785,0.640654
1478803069.186065,0.656280
1478803069.873596,0.687531
1478803076.467648,0.671906
1478803077.108302,0.640654
1478803089.155729,0.671906
1478803093.749689,0.718783
1478803094.468472,0.718783
1478803095.124752,0.656280
1478803095.687278,0.562526
1478803096.499815,0.812537
1478803097.171721,0.671906
1478803097.749872,0.578151
1478803098.531158,0.781286
1478803122.891648,0.765660
1478803123.610431,0.718783
1478803124.282337,0.671906
1478803124.891740,0.609403
1478803125.516768,0.625029
1478803126.188674,0.671906
1478803126.969960,0.781286
1478803127.813748,0.843789
1478803128.735666,0.921917
1478803129.548203,0.812537
1478803130.329489,0.781286
1478803131.048271,0.718783
1478803134.595309,0.796911
1478803141.564378,0.640654
1478803142.220658,0.656280
1478803142.830061,0.609403
1478803143.439464,0.609403
1478803144.189498,0.750034
1478803144.783275,0.593777
1478803145.548935,0.765660
1478803150.330404,0.609403
1478803150.986684,0.656280
1478803151.658590,0.671906
1478803152.361747,0.703157
1478803153.127407,0.765660
1478803153.861816,0.734409
1478803154.580599,0.718783
1478803155.221253,0.640654
1478803155.940036,0.718783
1478803156.580690,0.640654
1478803168.862502,0.843789
1478803169.518782,0.656280
1478803170.237565,0.718783
1478803170.815717,0.578151
1478803171.518874,0.703157
1478803172.268908,0.750034
1478803172.956440,0.687531
1478803173.690848,0.734409
1478803186.769572,0.609403
1478803187.441478,0.671906
1478803188.222764,0.781286
1478803189.035301,0.812537
1478803189.785335,0.750034
1478803190.441615,0.656280
1478803191.113521,0.671906
1478803191.754175,0.640654
1478803192.347952,0.593777
1478803192.988607,0.640654
1478803201.332739,0.640654
1478803201.957767,0.625029
1478803202.567170,0.609403
1478803203.223450,0.656280
1478803203.926607,0.703157
1478803204.661016,0.734409
1478803234.412378,0.687531
1478803235.084284,0.671906
1478803235.709312,0.625029
1478803236.334341,0.625029
1478803236.974995,0.640654
1478803237.615649,0.640654
1478803238.271930,0.656280
1478803238.990712,0.718783
1478803239.756372,0.765660
1478803240.537658,0.781286
1478803241.318944,0.781286
1478803270.570283,1.062549
1478803271.632832,1.062549
1478803272.507872,0.875040
1478803273.539169,1.031297
1478803274.507963,0.968794
1478803275.367378,0.859414
1478803276.414300,1.046923
1478803286.164747,0.562526
1478803286.742898,0.578151
1478803287.289798,0.546900
1478803287.821073,0.531274
1478803288.383598,0.562526
1478803288.961750,0.578151
1478803297.837156,0.500023
1478803298.305928,0.468771
1478803298.837202,0.531274
1478803299.337225,0.500023
1478803299.821622,0.484397
1478803300.368522,0.546900
1478803300.884171,0.515649
1478803305.400002,0.593777
1478803305.915651,0.515649
1478803306.462551,0.546900
1478803307.056328,0.593777
1478803326.869735,0.500023
1478803327.416635,0.546900
1478803332.494993,0.640654
1478803333.120021,0.625029
1478803333.651296,0.531274
1478803334.151319,0.500023
1478803358.136791,0.609403
1478803358.621188,0.484397
1478803364.496457,0.515649
1478803373.293735,0.484397
1478803373.856261,0.562526
1478803374.325032,0.468771
1478803374.856307,0.531274
1478803375.371955,0.515649
1478803376.028235,0.656280
1478803376.622012,0.593777
1478803377.090784,0.468771
1478803377.747064,0.656280
1478803385.638050,0.515649
1478803386.184950,0.546900
1478803386.747476,0.562526
1478803387.356879,0.609403
1478803387.903779,0.546900
1478803388.497556,0.593777
1478803389.028830,0.531274
1478803389.685110,0.656280
1478803390.232010,0.546900
1478803390.763285,0.531274
1478803391.403939,0.640654
1478803391.888336,0.484397
1478803392.466488,0.578151
1478803393.060265,0.593777
1478803401.107508,0.609403
1478803401.779414,0.671906
1478803402.545074,0.765660
1478803403.201354,0.656280
1478803403.904511,0.703157
1478803404.576417,0.671906
1478803411.998632,0.562526
1478803412.623660,0.625029
1478803413.264315,0.640654
1478803419.936495,0.546900
1478803420.499021,0.562526
1478803421.061547,0.562526
1478803421.608447,0.546900
1478803422.155347,0.546900
1478803422.733498,0.578151
1478803423.342901,0.609403
1478803424.014807,0.671906
1478803424.592958,0.578151
1478803425.202361,0.609403
1478803425.749261,0.546900
1478803426.296161,0.546900
1478803426.874313,0.578151
1478803427.499341,0.625029
1478803428.061867,0.562526
1478803428.686896,0.625029
1478803429.249421,0.562526
1478803429.811947,0.562526
1478803433.171476,0.546900
1478803433.749627,0.578151
1478803434.249650,0.500023
1478803434.702796,0.453146
1478803435.327825,0.625029
1478803435.859099,0.531274
1478803436.499753,0.640654
1478803437.046653,0.546900
1478803437.624805,0.578151
1478803438.156079,0.531274
1478803444.125102,0.562526
1478803444.703254,0.578151
1478803445.187651,0.484397
1478803450.406640,0.515649
1478803450.906663,0.500023
1478803451.391060,0.484397
1478803451.859831,0.468771
1478803457.875732,0.562526
1478803458.453883,0.578151
1478803459.110163,0.656280
1478803463.860381,0.468771
1478803464.407281,0.546900
1478803464.922929,0.515649
1478803465.422952,0.500023
1478803465.969852,0.546900
1478803466.532378,0.562526
1478803467.032401,0.500023
1478803467.626178,0.593777
1478803468.063698,0.437520
1478803468.673101,0.609403
1478803469.266878,0.593777
1478803469.938784,0.671906
1478803470.595064,0.656280
1478803475.017141,0.546900
1478803482.658116,0.515649
1478803483.205016,0.546900
1478803483.845670,0.640654
1478803484.376945,0.531274
1478803484.970722,0.593777
1478803485.501996,0.531274
1478803486.173902,0.671906
1478803486.720802,0.546900
1478803487.252076,0.531274
1478803487.814602,0.562526
1478803488.439631,0.625029
1478803489.033408,0.593777
1478803489.580308,0.546900
1478803490.236588,0.656280
1478803490.814739,0.578151
1478803491.439768,0.625029
1478803491.955417,0.515649
1478803492.611697,0.656280
1478803493.127345,0.515649
1478803493.736748,0.609403
1478803494.424280,0.687531
1478803495.033683,0.609403
1478803495.596208,0.562526
1478803496.221237,0.625029
1478803496.846266,0.625029
1478803497.502546,0.656280
1478803498.143200,0.640654
1478803498.768229,0.625029
1478803499.346380,0.578151
1478803499.940157,0.593777
1478803500.487057,0.546900
1478803501.080834,0.593777
1478803501.549606,0.468771
1478803502.205886,0.656280
1478803502.893417,0.687531
1478803506.487332,0.671906
1478803507.018606,0.531274
1478803507.565506,0.546900
1478803508.128032,0.562526
1478803508.721809,0.593777
1478803511.753198,0.640654
1478803512.409478,0.656280
1478803513.097009,0.687531
1478803513.737664,0.640654
1478803514.347067,0.609403
1478803514.940844,0.593777
1478803515.534621,0.593777
1478803516.175275,0.640654
1478803516.909684,0.734409
1478803517.456584,0.546900
1478803518.081613,0.625029
1478803518.612887,0.531274
1478803519.175413,0.562526
1478803519.691061,0.515649
1478803520.222336,0.531274
1478803520.722358,0.500023
1478803521.394264,0.671906
1478803522.003667,0.609403
1478803522.644321,0.640654
1478803523.206847,0.562526
1478803523.847502,0.640654
1478803524.410027,0.562526
1478803524.988179,0.578151
1478803525.581956,0.593777
1478803526.191359,0.609403
1478803526.738259,0.546900
1478803527.378913,0.640654
1478803527.941439,0.562526
1478803532.332265,0.515649
1478803532.910416,0.578151
1478803533.410439,0.500023
1478803533.926088,0.515649
1478803534.488614,0.562526
1478803534.988636,0.500023
1478803540.832654,0.578151
1478803541.473308,0.640654
1478803542.004583,0.531274
1478803544.973469,0.531274
1478803545.582871,0.609403
1478803546.114146,0.531274
1478803546.676672,0.562526
1478803547.223572,0.546900
1478803547.801723,0.578151
1478803548.364249,0.562526
1478803548.942400,0.578151
1478803549.489300,0.546900
1478803550.129955,0.640654
1478803550.770609,0.640654
1478803551.395638,0.625029
1478803552.067543,0.671906
1478803552.676946,0.609403
1478803553.270723,0.593777
1478803553.880126,0.609403
1478803554.473903,0.593777
1478803555.130183,0.656280
1478803555.739586,0.609403
1478803556.442744,0.703157
1478803557.020895,0.578151
1478803557.614672,0.593777
1478803558.224075,0.609403
1478803558.802227,0.578151
1478803559.349127,0.546900
1478803559.911652,0.562526
1478803560.458552,0.546900
1478803575.474865,0.593777
1478803576.084268,0.609403
1478803576.693671,0.609403
1478803577.334325,0.640654
1478803577.865599,0.531274
1478803595.413277,0.625029
1478803596.022680,0.609403
1478803596.647709,0.625029
1478803597.303989,0.656280
1478803597.991520,0.687531
1478803598.663426,0.671906
1478803599.257203,0.593777
1478803599.897858,0.640654
1478803600.429132,0.531274
1478803601.038535,0.609403
1478803601.679189,0.640654
1478803602.163586,0.484397
1478803633.243134,0.640654
1478803633.977543,0.734409
1478803634.602571,0.625029
1478803644.040504,0.593777
1478803644.759286,0.718783
1478803645.399941,0.640654
1478803701.105616,0.593777
1478803701.746270,0.640654
1478803702.340047,0.593777
1478803702.949450,0.609403
1478803709.512250,0.671906
1478803710.090402,0.578151
1478803716.075051,0.750034
1478803716.653202,0.578151
1478803717.325108,0.671906
1478803718.043891,0.718783
1478803718.653294,0.609403
1478803719.262697,0.609403
1478803719.840848,0.578151
1478803720.434625,0.593777
1478803721.059654,0.625029
1478803721.684683,0.625029
1478803722.309711,0.625029
1478803734.404015,0.656280
1478803735.044669,0.640654
1478803735.747826,0.703157
1478803736.325978,0.578151
1478803736.982258,0.656280
1478803737.654164,0.671906
1478803738.201064,0.546900
1478803738.763589,0.562526
1478803739.341741,0.578151
1478803739.982395,0.640654
1478803740.748055,0.765660
1478803749.639087,0.875040
1478803750.451624,0.812537
1478803751.186033,0.734409
1478803751.857939,0.671906
1478803752.498593,0.640654
1478803753.186125,0.687531
1478803753.779902,0.593777
1478803754.514310,0.734409
1478803755.279970,0.765660
1478803763.467845,0.609403
1478803764.014745,0.546900
1478803764.671025,0.656280
1478803765.296054,0.625029
1478803765.889831,0.593777
1478803766.577363,0.687531
1478803767.155514,0.578151
1478803767.889923,0.734409
1478803768.468074,0.578151
1478803769.108728,0.640654
1478803769.733757,0.625029
1478803770.311908,0.578151
1478803770.890060,0.578151
1478803771.515089,0.625029
1478803772.030737,0.515649
1478803772.562011,0.531274
1478803773.140163,0.578151
1478803773.733940,0.593777
1478803774.312092,0.578151
1478803775.015249,0.703157
1478803775.640277,0.625029
1478803784.328175,0.609403
1478803785.062584,0.734409
1478803785.734489,0.671906
1478803786.281389,0.546900
1478803786.890792,0.609403
1478803787.578324,0.687531
1478803788.281481,0.703157
1478803788.859632,0.578151
1478803789.484661,0.625029
1478803808.157391,0.750034
1478803817.032797,0.656280
1478803817.595323,0.562526
1478803818.095346,0.500023
1478803818.673497,0.578151
1478803819.157894,0.484397
1478803822.376792,0.562526
1478803823.111200,0.734409
1478803823.751855,0.640654
1478803824.298755,0.546900
1478803824.892532,0.593777
1478803825.470683,0.578151
1478803826.095712,0.625029
1478803826.783243,0.687531
1478803827.548903,0.765660
1478803828.267686,0.718783
1478803828.923966,0.656280
1478803829.580246,0.656280
1478803830.236526,0.656280
1478803830.830304,0.593777
1478803831.424081,0.593777
1478803832.033484,0.609403
1478803832.721015,0.687531
1478803833.408547,0.687531
1478803837.283724,0.625029
